p_value	term_id	source	term_name
0.0166064957968959	CORUM:5718	CORUM	NOS3-HSP90-AKT complex, VEGF induced
1.16028583195519e-77	GO:0006910	GO:BP	phagocytosis, recognition
1.60054219737477e-75	GO:0006958	GO:BP	complement activation, classical pathway
5.08377527683637e-72	GO:0002455	GO:BP	humoral immune response mediated by circulating immunoglobulin
8.32252176348323e-71	GO:0006911	GO:BP	phagocytosis, engulfment
1.18123601926687e-69	GO:0006956	GO:BP	complement activation
5.44996227770823e-69	GO:0050853	GO:BP	B cell receptor signaling pathway
8.9841771137461e-69	GO:0099024	GO:BP	plasma membrane invagination
2.61424406460394e-67	GO:0010324	GO:BP	membrane invagination
1.22483755933345e-64	GO:0050871	GO:BP	positive regulation of B cell activation
7.46495751758335e-58	GO:0016064	GO:BP	immunoglobulin mediated immune response
1.85713077420586e-57	GO:0019724	GO:BP	B cell mediated immunity
1.85713077420586e-57	GO:0050864	GO:BP	regulation of B cell activation
9.87097992945039e-54	GO:0008037	GO:BP	cell recognition
4.98806761837585e-52	GO:0050851	GO:BP	antigen receptor-mediated signaling pathway
7.79213110583766e-48	GO:0006909	GO:BP	phagocytosis
8.05174415549087e-46	GO:0006959	GO:BP	humoral immune response
7.05709840207102e-45	GO:0042113	GO:BP	B cell activation
1.0853947073864e-43	GO:0002429	GO:BP	immune response-activating cell surface receptor signaling pathway
1.2746601756376e-43	GO:0002449	GO:BP	lymphocyte mediated immunity
3.87057569504757e-43	GO:0002460	GO:BP	adaptive immune response based on somatic recombination of immune receptors built from immunoglobulin superfamily domains
6.72254890723031e-42	GO:0051251	GO:BP	positive regulation of lymphocyte activation
8.10697334547905e-42	GO:0002768	GO:BP	immune response-regulating cell surface receptor signaling pathway
2.60107398113739e-41	GO:0042742	GO:BP	defense response to bacterium
3.57858574706801e-39	GO:0002696	GO:BP	positive regulation of leukocyte activation
2.55575556102087e-38	GO:0050867	GO:BP	positive regulation of cell activation
7.46534390098676e-38	GO:0002757	GO:BP	immune response-activating signaling pathway
1.72270902023394e-37	GO:0002443	GO:BP	leukocyte mediated immunity
1.81435448990833e-36	GO:0002764	GO:BP	immune response-regulating signaling pathway
1.71037049168647e-35	GO:0002253	GO:BP	activation of immune response
2.54963326342037e-33	GO:0051249	GO:BP	regulation of lymphocyte activation
6.87276865450613e-30	GO:0002694	GO:BP	regulation of leukocyte activation
7.80429412971263e-29	GO:0009617	GO:BP	response to bacterium
9.74851308202156e-29	GO:0002250	GO:BP	adaptive immune response
1.30427494141282e-28	GO:0050778	GO:BP	positive regulation of immune response
4.51623051771111e-28	GO:0050865	GO:BP	regulation of cell activation
8.0501590105624e-28	GO:0002252	GO:BP	immune effector process
1.60150980633709e-27	GO:0006897	GO:BP	endocytosis
4.46889822342058e-27	GO:0046649	GO:BP	lymphocyte activation
1.18926124659241e-26	GO:0061024	GO:BP	membrane organization
1.00760946688039e-25	GO:0035195	GO:BP	miRNA-mediated gene silencing
1.72208265610017e-25	GO:0035194	GO:BP	ncRNA-mediated post-transcriptional gene silencing
2.51430846983136e-25	GO:0016441	GO:BP	post-transcriptional gene silencing
1.79145595027597e-24	GO:0031047	GO:BP	RNA-mediated gene silencing
1.36252681727151e-23	GO:0050776	GO:BP	regulation of immune response
5.46905617598911e-23	GO:0045321	GO:BP	leukocyte activation
1.67850748761641e-22	GO:0045087	GO:BP	innate immune response
8.82551182466529e-22	GO:0002684	GO:BP	positive regulation of immune system process
5.17326319230352e-20	GO:0001775	GO:BP	cell activation
1.02145110897164e-17	GO:0098542	GO:BP	defense response to other organism
2.98523627402122e-16	GO:0010608	GO:BP	post-transcriptional regulation of gene expression
2.11870483113363e-15	GO:0051707	GO:BP	response to other organism
2.32622280718034e-15	GO:0043207	GO:BP	response to external biotic stimulus
3.94289675912744e-15	GO:0002682	GO:BP	regulation of immune system process
7.22564006956466e-15	GO:0009607	GO:BP	response to biotic stimulus
1.7725379425746e-14	GO:0044419	GO:BP	biological process involved in interspecies interaction between organisms
3.47534665697605e-13	GO:0016192	GO:BP	vesicle-mediated transport
5.44105499815997e-12	GO:0051240	GO:BP	positive regulation of multicellular organismal process
7.70014602962579e-12	GO:0006952	GO:BP	defense response
1.4501388057232e-10	GO:0010629	GO:BP	negative regulation of gene expression
1.46167217588296e-10	GO:0006955	GO:BP	immune response
4.28868654301997e-08	GO:0002376	GO:BP	immune system process
4.50934637819849e-08	GO:0048584	GO:BP	positive regulation of response to stimulus
1.28611661602357e-05	GO:0051239	GO:BP	regulation of multicellular organismal process
3.75468154182603e-05	GO:0009605	GO:BP	response to external stimulus
7.98611562120606e-05	GO:0007166	GO:BP	cell surface receptor signaling pathway
0.00825232291049972	GO:0006950	GO:BP	response to stress
3.72326317693714e-89	GO:0042571	GO:CC	immunoglobulin complex, circulating
1.99533337151727e-67	GO:0019814	GO:CC	immunoglobulin complex
3.20678537780142e-38	GO:0009897	GO:CC	external side of plasma membrane
4.29150903835135e-32	GO:0098552	GO:CC	side of membrane
5.29692102547109e-29	GO:0031332	GO:CC	RNAi effector complex
5.29692102547109e-29	GO:0016442	GO:CC	RISC complex
2.49255826230792e-22	GO:0009986	GO:CC	cell surface
9.09234633684148e-08	GO:0032991	GO:CC	protein-containing complex
2.35926278833657e-05	GO:0005730	GO:CC	nucleolus
2.93388095217773e-05	GO:0071735	GO:CC	IgG immunoglobulin complex
0.00268744182725737	GO:0005615	GO:CC	extracellular space
0.00898784473146576	GO:0072562	GO:CC	blood microparticle
0.00975819750694267	GO:1990904	GO:CC	ribonucleoprotein complex
1.84100298750286e-101	GO:0034987	GO:MF	immunoglobulin receptor binding
4.75502592587323e-77	GO:0003823	GO:MF	antigen binding
8.74121023937546e-29	GO:0005102	GO:MF	signaling receptor binding
0.027269961371204	GO:0004947	GO:MF	bradykinin receptor activity
0.000256389758377779	HP:0010561	HP	Undulate ribs
0.00102175126482234	HP:0006665	HP	Coat hanger sign of ribs
0.00102175126482234	HP:0006591	HP	Absent glenoid fossa
0.00102175126482234	HP:0012284	HP	Small proximal tibial epiphyses
0.00102175126482234	HP:0010591	HP	Abnormality of the proximal tibial epiphysis
0.00254489487760637	HP:0011824	HP	Chin with H-shaped crease
0.00254489487760637	HP:0006508	HP	Abnormality of tibial epiphyses
0.00507089518743048	HP:0040024	HP	Clinodactyly of the 3rd finger
0.00507089518743048	HP:0009600	HP	Flexion contracture of thumb
0.0140932987064199	HP:0011912	HP	Abnormality of the glenoid fossa
0.0140932987064199	HP:0006267	HP	Large placenta
0.0210614912412107	HP:0005054	HP	Metaphyseal spurs
0.0210614912412107	HP:0011335	HP	Frontal hirsutism
0.0210614912412107	HP:0012428	HP	Prominent calcaneus
0.0210614912412107	HP:0007685	HP	Peripheral retinal avascularization
0.0299761889662828	HP:0009317	HP	Deviation of the 3rd finger
0.0299761889662828	HP:0011823	HP	Chin with horizontal crease
0.0410643161460166	HP:0031878	HP	Acromicria
1.37366835167998e-25	REAC:R-HSA-173623	REAC	Classical antibody-mediated complement activation
9.30852481298753e-25	REAC:R-HSA-2029485	REAC	Role of phospholipids in phagocytosis
1.08777490964668e-24	REAC:R-HSA-2029481	REAC	FCGR activation
1.50288326783866e-24	REAC:R-HSA-166786	REAC	Creation of C4 and C2 activators
1.65514328502707e-23	REAC:R-HSA-166663	REAC	Initial triggering of complement
1.61133324615301e-22	REAC:R-HSA-2168880	REAC	Scavenging of heme from plasma
7.75274256884782e-22	REAC:R-HSA-5690714	REAC	CD22 mediated BCR regulation
1.15360110338151e-21	REAC:R-HSA-9664323	REAC	FCGR3A-mediated IL10 synthesis
2.39323796434489e-21	REAC:R-HSA-2029482	REAC	Regulation of actin dynamics for phagocytic cup formation
2.75275139047807e-21	REAC:R-HSA-2173782	REAC	Binding and Uptake of Ligands by Scavenger Receptors
3.33998568649111e-21	REAC:R-HSA-2029480	REAC	Fcgamma receptor (FCGR) dependent phagocytosis
6.31260155081588e-21	REAC:R-HSA-977606	REAC	Regulation of Complement cascade
1.14594695769532e-20	REAC:R-HSA-2730905	REAC	Role of LAT2/NTAL/LAB on calcium mobilization
4.31580501434851e-20	REAC:R-HSA-166658	REAC	Complement cascade
6.19271273982678e-20	REAC:R-HSA-9664422	REAC	FCGR3A-mediated phagocytosis
6.19271273982678e-20	REAC:R-HSA-9664417	REAC	Leishmania phagocytosis
6.19271273982678e-20	REAC:R-HSA-9664407	REAC	Parasite infection
3.67142977427676e-19	REAC:R-HSA-2871809	REAC	FCERI mediated Ca+2 mobilization
3.67142977427676e-19	REAC:R-HSA-2871796	REAC	FCERI mediated MAPK activation
4.58190062188103e-19	REAC:R-HSA-983695	REAC	Antigen activates B Cell Receptor (BCR) leading to generation of second messengers
5.32434903123337e-19	REAC:R-HSA-9679191	REAC	Potential therapeutics for SARS
1.66921896265542e-15	REAC:R-HSA-202733	REAC	Cell surface interactions at the vascular wall
2.60539018601402e-15	REAC:R-HSA-2871837	REAC	FCERI mediated NF-kB activation
2.9353549364409e-14	REAC:R-HSA-9664433	REAC	Leishmania parasite growth and survival
2.9353549364409e-14	REAC:R-HSA-9662851	REAC	Anti-inflammatory response favouring Leishmania parasite infection
5.97811955425549e-14	REAC:R-HSA-983705	REAC	Signaling by the B Cell Receptor (BCR)
3.91642718388689e-13	REAC:R-HSA-2454202	REAC	Fc epsilon receptor (FCERI) signaling
2.78706276633622e-12	REAC:R-HSA-9679506	REAC	SARS-CoV Infections
8.74780969061642e-12	REAC:R-HSA-198933	REAC	Immunoregulatory interactions between a Lymphoid and a non-Lymphoid cell
1.07867236931035e-11	REAC:R-HSA-9658195	REAC	Leishmania infection
5.14276385399099e-10	REAC:R-HSA-109582	REAC	Hemostasis
1.6169596852174e-08	REAC:R-HSA-5653656	REAC	Vesicle-mediated transport
2.78125142539496e-08	REAC:R-HSA-1280218	REAC	Adaptive Immune System
3.52248283344791e-08	REAC:R-HSA-5663205	REAC	Infectious disease
5.00127185925922e-06	REAC:R-HSA-1643685	REAC	Disease
1.30221422901876e-05	REAC:R-HSA-168249	REAC	Innate Immune System
0.000296324836620735	REAC:R-HSA-168256	REAC	Immune System
7.37118514345725e-12	TF:M12704_1	TF	Factor: ZNF432; motif: NCAGNRCCNSRGRCAGC; match class: 1
4.25896718317624e-10	TF:M08867_1	TF	Factor: AP2; motif: GCCYGSGGSN; match class: 1
6.07811437347706e-09	TF:M09910_1	TF	Factor: ER-beta; motif: RGGTCASCNTGMCCY; match class: 1
8.50389600105445e-09	TF:M00931_1	TF	Factor: Sp1; motif: GGGGCGGGGC; match class: 1
2.64064227496907e-08	TF:M03876_1	TF	Factor: Kaiso; motif: GCMGGGRGCRGS; match class: 1
2.92648779131959e-08	TF:M12666_1	TF	Factor: SP1; motif: GGCCCCGCCCCCN; match class: 1
3.51054400608736e-08	TF:M12227_1	TF	Factor: ZIC4; motif: NNCCNCCCRYNGYGN; match class: 1
3.5701761466733e-08	TF:M01858	TF	Factor: AP-2beta; motif: GCNNNGGSCNGVGGGN
3.91265493058086e-08	TF:M01857	TF	Factor: AP-2alpha; motif: NGCCYSNNGSN
4.36177821498058e-08	TF:M00196_1	TF	Factor: Sp1; motif: NGGGGGCGGGGYN; match class: 1
6.31772566830658e-08	TF:M01858_1	TF	Factor: AP-2beta; motif: GCNNNGGSCNGVGGGN; match class: 1
6.55299466682386e-08	TF:M01588_1	TF	Factor: GKLF; motif: GCCMCRCCCNNN; match class: 1
1.14560835418316e-07	TF:M10435_1	TF	Factor: Sp2; motif: GGGGCGGGG; match class: 1
1.1456607766513e-07	TF:M00932_1	TF	Factor: Sp1; motif: NNGGGGCGGGGNN; match class: 1
1.30270271328192e-07	TF:M00915_1	TF	Factor: AP-2; motif: SNNNCCNCAGGCN; match class: 1
2.44431429139122e-07	TF:M01873_1	TF	Factor: Egr-1; motif: GCGGGGGCGG; match class: 1
2.74380764409817e-07	TF:M09970_1	TF	Factor: KLF3; motif: NNNNNNGGGCGGGGCNNGN; match class: 1
4.28877300080499e-07	TF:M07063	TF	Factor: Sp1; motif: GGGGCGGGGC
4.45297384120117e-07	TF:M07277_1	TF	Factor: BTEB2; motif: RGGGNGKGGN; match class: 1
5.82168299413245e-07	TF:M00915	TF	Factor: AP-2; motif: SNNNCCNCAGGCN
5.90218326826876e-07	TF:M03807_1	TF	Factor: SP2; motif: GNNGGGGGCGGGGSN; match class: 1
6.28935712098799e-07	TF:M03896	TF	Factor: EGR1; motif: NACGCCCACGCANW
6.85874406249342e-07	TF:M00008_1	TF	Factor: Sp1; motif: GGGGCGGGGT; match class: 1
8.7762414386614e-07	TF:M01303	TF	Factor: SP1; motif: GGGGYGGGGNS
8.7789137871618e-07	TF:M00800_1	TF	Factor: AP-2; motif: GSCCSCRGGCNRNRNN; match class: 1
1.24672699909109e-06	TF:M03567_1	TF	Factor: Sp2; motif: NYSGCCCCGCCCCCY; match class: 1
1.51913565561013e-06	TF:M03811_1	TF	Factor: AP-2gamma; motif: GCCYNCRGSN; match class: 1
1.57381599323394e-06	TF:M09765_1	TF	Factor: SP1; motif: NRGKGGGCGGGGCN; match class: 1
2.07274485874132e-06	TF:M08487_1	TF	Factor: GCMa:Erg; motif: ATGCGGGCGGAARKG; match class: 1
2.4881552444989e-06	TF:M02036_1	TF	Factor: WT1; motif: CGCCCCCNCN; match class: 1
3.46882554396316e-06	TF:M01783	TF	Factor: SP2; motif: GGGCGGGAC
3.54167228281016e-06	TF:M07395_1	TF	Factor: Sp1; motif: NGGGGCGGGGN; match class: 1
3.55319823004312e-06	TF:M07348_1	TF	Factor: AP-2alpha; motif: NSCCNCRGGSN; match class: 1
3.69318380104116e-06	TF:M09765	TF	Factor: SP1; motif: NRGKGGGCGGGGCN
3.71551755442525e-06	TF:M07226_1	TF	Factor: SP1; motif: NCCCCKCCCCC; match class: 1
3.7310568667568e-06	TF:M10071_1	TF	Factor: Sp1; motif: NGGGGGCGGGGCCNGGGGGGGG; match class: 1
3.97577360212413e-06	TF:M00933_1	TF	Factor: Sp1; motif: CCCCGCCCCN; match class: 1
4.00623892310179e-06	TF:M10435	TF	Factor: Sp2; motif: GGGGCGGGG
4.39935209402276e-06	TF:M03920	TF	Factor: SP1; motif: RCCMCRCCCMC
4.81412028832116e-06	TF:M04869_1	TF	Factor: Egr-1; motif: GCGCATGCG; match class: 1
5.1265164188613e-06	TF:M09910	TF	Factor: ER-beta; motif: RGGTCASCNTGMCCY
6.32476216814721e-06	TF:M01783_1	TF	Factor: SP2; motif: GGGCGGGAC; match class: 1
6.39965975572582e-06	TF:M08867	TF	Factor: AP2; motif: GCCYGSGGSN
7.07657991464664e-06	TF:M12354	TF	Factor: ZNF37A; motif: CCYYGGCTCCNTSCCMN
8.0404919225123e-06	TF:M01240_1	TF	Factor: BEN; motif: CAGCGRNV; match class: 1
8.05974537189302e-06	TF:M03922_1	TF	Factor: SP4; motif: NWRGCCACGCCCMCTYN; match class: 1
8.32861653408626e-06	TF:M12590_1	TF	Factor: CP2; motif: NRRRCCGGCYNRARCCGGNN; match class: 1
9.38556732770993e-06	TF:M00982_1	TF	Factor: KROX; motif: CCCGCCCCCRCCCC; match class: 1
1.06843237397702e-05	TF:M07615_1	TF	Factor: Sp3; motif: GGGGCGGGGSNN; match class: 1
1.34979387479447e-05	TF:M00244	TF	Factor: NGFI-C; motif: WTGCGTGGGYGG
1.46647935468239e-05	TF:M12660	TF	Factor: SATB2; motif: GSCGCTGTCCNNGGTGCTGN
1.47619660007453e-05	TF:M07615	TF	Factor: Sp3; motif: GGGGCGGGGSNN
1.48643567494976e-05	TF:M02089_1	TF	Factor: E2F-3; motif: GGCGGGN; match class: 1
1.51476428642497e-05	TF:M12183_1	TF	Factor: KLF14; motif: NRCCACRCCCMCN; match class: 1
1.60416253976029e-05	TF:M12697	TF	Factor: ZNF142; motif: SNSCGCCCGCCCGCSCSS
1.69133022543235e-05	TF:M03807	TF	Factor: SP2; motif: GNNGGGGGCGGGGSN
1.72792316160533e-05	TF:M11601_1	TF	Factor: TCF-1; motif: ACATCGRGRCGCTGW; match class: 1
1.83880699075409e-05	TF:M12508	TF	Factor: EGR1; motif: NNMCGCCCACGCNN
2.08445730344789e-05	TF:M12725	TF	Factor: PHB; motif: NCCCAGCCCCY
2.32103544758962e-05	TF:M10072_1	TF	Factor: sp4; motif: NNGNARGRGGCGGRGCNNRR; match class: 1
2.393041464708e-05	TF:M12151_1	TF	Factor: Sp1; motif: NWRGCCMCGCCCMCN; match class: 1
2.525432553813e-05	TF:M01199	TF	Factor: RNF96; motif: BCCCGCRGCC
2.53179241138328e-05	TF:M07063_1	TF	Factor: Sp1; motif: GGGGCGGGGC; match class: 1
2.6649067045097e-05	TF:M07277	TF	Factor: BTEB2; motif: RGGGNGKGGN
2.68866070124398e-05	TF:M07354_1	TF	Factor: Egr-1; motif: GCGGGGGCGG; match class: 1
2.8001967118607e-05	TF:M07486_1	TF	Factor: ZNF300; motif: SWGGGGGSN; match class: 1
3.60141312599288e-05	TF:M04148_1	TF	Factor: TFAP2A; motif: NGCCCYNNGGGCN; match class: 1
4.12714806656278e-05	TF:M12173_1	TF	Factor: GKLF; motif: NNCCMCRCCCN; match class: 1
4.19859345536285e-05	TF:M01857_1	TF	Factor: AP-2alpha; motif: NGCCYSNNGSN; match class: 1
4.21439232450971e-05	TF:M09897	TF	Factor: Egr-1; motif: NNNNGCGKGGGYGGNRN
4.29572565747396e-05	TF:M05499	TF	Factor: LKLF; motif: NGGGCGG
4.29572565747396e-05	TF:M05386	TF	Factor: KLF17; motif: NGGGCGG
4.29917787395818e-05	TF:M04869	TF	Factor: Egr-1; motif: GCGCATGCG
4.5789879136937e-05	TF:M12728	TF	Factor: THAP7; motif: GNCGCCATSTTGRGNGKGGC
5.07948942740471e-05	TF:M12597_1	TF	Factor: E2F1; motif: GSGCGGGAAN; match class: 1
5.45798315783674e-05	TF:M03567	TF	Factor: Sp2; motif: NYSGCCCCGCCCCCY
5.63773245384481e-05	TF:M12153	TF	Factor: Sp3; motif: NGCCACGCCCMCN
6.27090393194233e-05	TF:M12354_1	TF	Factor: ZNF37A; motif: CCYYGGCTCCNTSCCMN; match class: 1
6.43312955437668e-05	TF:M09973_1	TF	Factor: CPBP; motif: GNNRGGGHGGGGNNGGGRN; match class: 1
6.58110995557611e-05	TF:M12666	TF	Factor: SP1; motif: GGCCCCGCCCCCN
6.71792565544723e-05	TF:M12183	TF	Factor: KLF14; motif: NRCCACRCCCMCN
7.10879057564493e-05	TF:M03922	TF	Factor: SP4; motif: NWRGCCACGCCCMCTYN
7.43313409059177e-05	TF:M12227	TF	Factor: ZIC4; motif: NNCCNCCCRYNGYGN
7.71065589737041e-05	TF:M01652	TF	Factor: p53; motif: RGRCWWGYCYNGRCWWGYYY
8.61691311480006e-05	TF:M04148	TF	Factor: TFAP2A; motif: NGCCCYNNGGGCN
9.04137625351264e-05	TF:M07129	TF	Factor: Sp2; motif: GYCCCGCCYCYNNNN
9.09855030564047e-05	TF:M01199_1	TF	Factor: RNF96; motif: BCCCGCRGCC; match class: 1
9.89230763639938e-05	TF:M04797_1	TF	Factor: Egr-1; motif: CCGCCCMCG; match class: 1
0.00010296850263395	TF:M02036	TF	Factor: WT1; motif: CGCCCCCNCN
0.000103628185104881	TF:M12160_1	TF	Factor: KLF15; motif: RCCMCRCCCMCN; match class: 1
0.000104576176421331	TF:M01873	TF	Factor: Egr-1; motif: GCGGGGGCGG
0.000107850631854118	TF:M09967	TF	Factor: AP-2rep; motif: NGGGGCGGGGC
0.000134926525434715	TF:M08441_1	TF	Factor: AP-2gamma:Elk-1; motif: NGCCKNRGGSGRCGGAAGTG; match class: 1
0.000156747426009086	TF:M09761	TF	Factor: EGR1; motif: NGNGKGGGYGGNGS
0.00016703068576081	TF:M01972	TF	Factor: EGR-1; motif: TGCGTGGGCGK
0.000178948127255868	TF:M09762	TF	Factor: NF1B; motif: CYTGGCNYNCWGCCAN
0.000203327222272499	TF:M00143_1	TF	Factor: Pax-5; motif: BCNNNRNGCANBGNTGNRTAGCSGCHNB; match class: 1
0.000207308826337689	TF:M09972_1	TF	Factor: BTEB2; motif: WGGGTGKGGCNGGN; match class: 1
0.000214927655221719	TF:M00470	TF	Factor: AP-2gamma; motif: GCCYNNGGS
0.000224388924945461	TF:M07617	TF	Factor: Sp4; motif: SCCCCKCCCCCSN
0.000227242674752929	TF:M12590	TF	Factor: CP2; motif: NRRRCCGGCYNRARCCGGNN
0.000233530214056697	TF:M10002	TF	Factor: NF-1C; motif: NYTGGCNNYNNGCCARN
0.000247747613429716	TF:M11603_1	TF	Factor: TCF-1; motif: ACATCGRGRCGCTGW; match class: 1
0.00030934089339086	TF:M01072	TF	Factor: HIC1; motif: NSNNNNTGCCCSSNN
0.000328142512416646	TF:M00196	TF	Factor: Sp1; motif: NGGGGGCGGGGYN
0.000349114866267621	TF:M01104	TF	Factor: MOVO-B; motif: GNGGGGG
0.000351017349025986	TF:M07226	TF	Factor: SP1; motif: NCCCCKCCCCC
0.000354452401257947	TF:M00982	TF	Factor: KROX; motif: CCCGCCCCCRCCCC
0.000378089478128084	TF:M04863_1	TF	Factor: TF3C-beta; motif: CCNGGAGGGCTTCCTGGAGGAG; match class: 1
0.0003840434361145	TF:M03893	TF	Factor: WT1; motif: GNGGGGGCGGGG
0.000406640041475306	TF:M07409_1	TF	Factor: BTEB2; motif: GCCCCRCCCH; match class: 1
0.000408326916701789	TF:M00931	TF	Factor: Sp1; motif: GGGGCGGGGC
0.00041896140323322	TF:M03896_1	TF	Factor: EGR1; motif: NACGCCCACGCANW; match class: 1
0.000427745300480509	TF:M09973	TF	Factor: CPBP; motif: GNNRGGGHGGGGNNGGGRN
0.000428046219174055	TF:M03920_1	TF	Factor: SP1; motif: RCCMCRCCCMC; match class: 1
0.000450133877343051	TF:M09732	TF	Factor: RFX3; motif: NYNCCMTGGCAACM
0.000460056678983903	TF:M09723_1	TF	Factor: BTEB1; motif: GGGGGCGGGGCNGSGGGNGS; match class: 1
0.000496730326428303	TF:M09826_1	TF	Factor: BTEB3; motif: CCNNSCCNSCCCCKCCCCC; match class: 1
0.000501118146118275	TF:M12703	TF	Factor: ZNF383; motif: SSNGGGMGGNGSNGGS
0.00050212309568841	TF:M12597	TF	Factor: E2F1; motif: GSGCGGGAAN
0.000583587842312035	TF:M00695_1	TF	Factor: ETF; motif: GVGGMGG; match class: 1
0.000583782595243108	TF:M07409	TF	Factor: BTEB2; motif: GCCCCRCCCH
0.000589186046342389	TF:M12140	TF	Factor: Egr-1; motif: NNCRCCCMCGCNN
0.000646622257836525	TF:M12160	TF	Factor: KLF15; motif: RCCMCRCCCMCN
0.0006499831582031	TF:M00986_1	TF	Factor: Churchill; motif: CGGGNN; match class: 1
0.000658081015077824	TF:M07395	TF	Factor: Sp1; motif: NGGGGCGGGGN
0.000667141619779513	TF:M11480_1	TF	Factor: AP-2alpha; motif: NGCCTSAGGCN; match class: 1
0.000678681355349902	TF:M09970	TF	Factor: KLF3; motif: NNNNNNGGGCGGGGCNNGN
0.000705720715441786	TF:M09636_1	TF	Factor: MAZ; motif: GGGMGGGGSSGGGGGGGGGGGG; match class: 1
0.000749375592953813	TF:M09969_1	TF	Factor: EKLF; motif: NGGGYGKGGCNNGG; match class: 1
0.000756513009223439	TF:M09723	TF	Factor: BTEB1; motif: GGGGGCGGGGCNGSGGGNGS
0.000757498716215376	TF:M12722_1	TF	Factor: ZXDL; motif: GSGSCNNGGGMRGCNCCGGGS; match class: 1
0.000823405894300609	TF:M00932	TF	Factor: Sp1; motif: NNGGGGCGGGGNN
0.00085928009854553	TF:M12152	TF	Factor: Sp1; motif: NWRGCCACGCCCMCN
0.000915940014292143	TF:M01273	TF	Factor: SP4; motif: SCCCCGCCCCS
0.00102029436248488	TF:M00933	TF	Factor: Sp1; motif: CCCCGCCCCN
0.00103199516077765	TF:M00189_1	TF	Factor: AP-2; motif: MKCCCSCNGGCG; match class: 1
0.00104914204095084	TF:M03893_1	TF	Factor: WT1; motif: GNGGGGGCGGGG; match class: 1
0.00110314506274049	TF:M09826	TF	Factor: BTEB3; motif: CCNNSCCNSCCCCKCCCCC
0.00113169816889838	TF:M07329_1	TF	Factor: Osx; motif: CCNCCCCCNNN; match class: 1
0.00115418581451934	TF:M12173	TF	Factor: GKLF; motif: NNCCMCRCCCN
0.0012028850742021	TF:M12704	TF	Factor: ZNF432; motif: NCAGNRCCNSRGRCAGC
0.00128783645128156	TF:M12508_1	TF	Factor: EGR1; motif: NNMCGCCCACGCNN; match class: 1
0.0014006641106654	TF:M09892	TF	Factor: E2F-1; motif: NNNNGGCGGGAARN
0.00157860775187353	TF:M01303_1	TF	Factor: SP1; motif: GGGGYGGGGNS; match class: 1
0.00158930901264258	TF:M03806	TF	Factor: ZBTB7C; motif: GKCCCGGGCKG
0.00181074743525763	TF:M08878_1	TF	Factor: EGR; motif: CGCCCCCGCNN; match class: 1
0.00184984463220246	TF:M07129_1	TF	Factor: Sp2; motif: GYCCCGCCYCYNNNN; match class: 1
0.00185517258831743	TF:M06948	TF	Factor: Sp2; motif: TGGGCGCGCCCA
0.00189915169716577	TF:M12151	TF	Factor: Sp1; motif: NWRGCCMCGCCCMCN
0.00193379339454813	TF:M08911	TF	Factor: CTCF; motif: NCCRSTAGGGGGCGC
0.00201395612715573	TF:M07039_1	TF	Factor: ETF; motif: CCCCGCCCCYN; match class: 1
0.00202389701389459	TF:M12158_1	TF	Factor: KLF15; motif: NCCMCGCCCMCN; match class: 1
0.00207086742855177	TF:M09894_1	TF	Factor: E2F-4; motif: SNGGGCGGGAANN; match class: 1
0.00237842692285525	TF:M12186_1	TF	Factor: BTEB4; motif: NCCACGCCCM; match class: 1
0.00282344893502106	TF:M09892_1	TF	Factor: E2F-1; motif: NNNNGGCGGGAARN; match class: 1
0.00284359571063727	TF:M02023	TF	Factor: MAZ; motif: NKGGGAGGGGRGGR
0.00290392579196227	TF:M01104_1	TF	Factor: MOVO-B; motif: GNGGGGG; match class: 1
0.00292832569746207	TF:M12156_1	TF	Factor: Sp2; motif: NTAAGYCCCGCCCMCTN; match class: 1
0.00305435036252532	TF:M09658	TF	Factor: Sp2; motif: GGSNNGGGGGCGGGGCCNGNGS
0.00326862625240443	TF:M12703_1	TF	Factor: ZNF383; motif: SSNGGGMGGNGSNGGS; match class: 1
0.00336214985831363	TF:M08205	TF	Factor: E2F-1:Elk-1; motif: SGCGCSNNAMCGGAAGT
0.00342177204411931	TF:M10071	TF	Factor: Sp1; motif: NGGGGGCGGGGCCNGGGGGGGG
0.00347535261519461	TF:M09658_1	TF	Factor: Sp2; motif: GGSNNGGGGGCGGGGCCNGNGS; match class: 1
0.00380640702606113	TF:M04823_1	TF	Factor: E2F-4; motif: NNTTCCCGCCNN; match class: 1
0.00395515896432915	TF:M12153_1	TF	Factor: Sp3; motif: NGCCACGCCCMCN; match class: 1
0.00427659437073371	TF:M11480	TF	Factor: AP-2alpha; motif: NGCCTSAGGCN
0.00446726009334399	TF:M07249_1	TF	Factor: ctcf; motif: CCNCNAGRKGGCRSTN; match class: 1
0.00484910460880418	TF:M12591_1	TF	Factor: CREB1; motif: NNNNSSGGCGCSSNNNNRTGACGTCAC; match class: 1
0.00507222460635501	TF:M07354	TF	Factor: Egr-1; motif: GCGGGGGCGG
0.00530674926667758	TF:M08662	TF	Factor: AP-2gamma:HES-7; motif: NNCACGYGNNNNNNSCCNNNGGS
0.00530975334223043	TF:M00470_1	TF	Factor: AP-2gamma; motif: GCCYNNGGS; match class: 1
0.00541590071906332	TF:M07208	TF	Factor: EGR1; motif: NCNCCGCCCCCGCN
0.00557855561194622	TF:M00986	TF	Factor: Churchill; motif: CGGGNN
0.00558831557039539	TF:M07206_1	TF	Factor: E2F-1; motif: NGGGCGGGARV; match class: 1
0.00561889945899146	TF:M00800	TF	Factor: AP-2; motif: GSCCSCRGGCNRNRNN
0.00567916395476601	TF:M04106_1	TF	Factor: RUNX2; motif: NRACCGCAAACCGCAN; match class: 1
0.0056835194165332	TF:M04109_1	TF	Factor: RUNX3; motif: NRACCGCAAACCGCAN; match class: 1
0.00569362849851878	TF:M07329	TF	Factor: Osx; motif: CCNCCCCCNNN
0.00573536771267614	TF:M00189	TF	Factor: AP-2; motif: MKCCCSCNGGCG
0.00579828385133727	TF:M08878	TF	Factor: EGR; motif: CGCCCCCGCNN
0.00613329645855232	TF:M00246	TF	Factor: Egr-2; motif: NTGCGTRGGCGK
0.00613511705907987	TF:M03978	TF	Factor: ETS1; motif: GCCGGAWGTACTTCCGGN
0.00635696103740629	TF:M12694	TF	Factor: ZFP14; motif: SCNNYCCNGNNSCTSCNC
0.00656647093543522	TF:M01588	TF	Factor: GKLF; motif: GCCMCRCCCNNN
0.00686824922870155	TF:M10530	TF	Factor: sp4; motif: NNNGCYCCGCCCCCY
0.00694364670971072	TF:M07084_1	TF	Factor: E2F-4; motif: NGGCGGGAARN; match class: 1
0.00788421002044671	TF:M07041_1	TF	Factor: HDAC1; motif: KGCARGGTC; match class: 1
0.00806977622443129	TF:M00695	TF	Factor: ETF; motif: GVGGMGG
0.00819077915993849	TF:M08487	TF	Factor: GCMa:Erg; motif: ATGCGGGCGGAARKG
0.00831489348394304	TF:M09898	TF	Factor: Egr-2; motif: GNGRRNGWGKGGGNGGRG
0.0083441611824569	TF:M10530_1	TF	Factor: sp4; motif: NNNGCYCCGCCCCCY; match class: 1
0.00995051686284063	TF:M09834	TF	Factor: ZNF148; motif: NNNNNNCCNNCCCCTCCCCCACCCN
0.0101916929990702	TF:M00803_1	TF	Factor: E2F; motif: GGCGSG; match class: 1
0.010763034790324	TF:M12697_1	TF	Factor: ZNF142; motif: SNSCGCCCGCCCGCSCSS; match class: 1
0.0112407486841985	TF:M01972_1	TF	Factor: EGR-1; motif: TGCGTGGGCGK; match class: 1
0.0122689643113897	TF:M04823	TF	Factor: E2F-4; motif: NNTTCCCGCCNN
0.0124464485007703	TF:M10072	TF	Factor: sp4; motif: NNGNARGRGGCGGRGCNNRR
0.012764046104307	TF:M00245_1	TF	Factor: Egr-3; motif: NTGCGTGGGCGK; match class: 1
0.0131686395629385	TF:M04896	TF	Factor: AP-2alpha; motif: NNNGSCCTGRGGSN
0.0132472925086564	TF:M09969	TF	Factor: EKLF; motif: NGGGYGKGGCNNGG
0.0132717752653127	TF:M03811	TF	Factor: AP-2gamma; motif: GCCYNCRGSN
0.0142562596459098	TF:M04152	TF	Factor: TFAP2C; motif: NGCCCNNRGGCA
0.0145700941969965	TF:M11058	TF	Factor: Hey1; motif: NGCRCGYGYN
0.0159806217436628	TF:M10098	TF	Factor: DP-1; motif: NRNNGGCGGGAANN
0.016105878415936	TF:M03914	TF	Factor: KLF16; motif: GMCACGCCCCC
0.0171176142269578	TF:M01652_1	TF	Factor: p53; motif: RGRCWWGYCYNGRCWWGYYY; match class: 1
0.0175356706105475	TF:M09603	TF	Factor: Egr-1; motif: NNNNNGYGKGGGNGGGNN
0.0183537829801234	TF:M01721_1	TF	Factor: PUR1; motif: GGGNCAGNN; match class: 1
0.0200319862558057	TF:M04953	TF	Factor: Sp1; motif: GGNDGGRGGCGGGG
0.0208795764264973	TF:M11477	TF	Factor: AP-2beta; motif: NSCCYNRGGSN
0.0217285299686082	TF:M04147	TF	Factor: TFAP2A; motif: NGCCYSAGGCN
0.0224301777516381	TF:M07249	TF	Factor: ctcf; motif: CCNCNAGRKGGCRSTN
0.0226689300979073	TF:M04147_1	TF	Factor: TFAP2A; motif: NGCCYSAGGCN; match class: 1
0.0237695882288101	TF:M04146	TF	Factor: TFAP2A; motif: YGCCCNNRGGCN
0.0240482843365259	TF:M12694_1	TF	Factor: ZFP14; motif: SCNNYCCNGNNSCTSCNC; match class: 1
0.0241437408329743	TF:M12157	TF	Factor: KLF15; motif: RCCACGCCCCCC
0.0253729009682935	TF:M09859	TF	Factor: NF90; motif: NCCNCWGCCYCCNC
0.0256220875069734	TF:M09896_1	TF	Factor: E2F-7; motif: GRGGCGGGAANNN; match class: 1
0.0256972292694419	TF:M08205_1	TF	Factor: E2F-1:Elk-1; motif: SGCGCSNNAMCGGAAGT; match class: 1
0.0274179894100826	TF:M08877	TF	Factor: EGR3; motif: NCMCRCCCACTNMN
0.0277747152224694	TF:M12599_1	TF	Factor: E2F4; motif: YCCCGCCNCNNSSNNSNN; match class: 1
0.0294029984449205	TF:M04863	TF	Factor: TF3C-beta; motif: CCNGGAGGGCTTCCTGGAGGAG
0.0352742267442375	TF:M00333_1	TF	Factor: ZF5; motif: NRNGNGCGCGCWN; match class: 1
0.035658083994766	TF:M09591	TF	Factor: AP-2gamma; motif: NTGSCCTGRGGSNN
0.0374437064344236	TF:M07041	TF	Factor: HDAC1; motif: KGCARGGTC
0.0379686547519872	TF:M12255	TF	Factor: SNA; motif: NRCAGGTGCN
0.0425682539855794	TF:M08952	TF	Factor: NF-KAPPAB1; motif: NGGKRNTTYCCCN
0.0440903979080092	TF:M07290_1	TF	Factor: GLI; motif: NGACCMCCCAN; match class: 1
0.0449229274508312	TF:M09894	TF	Factor: E2F-4; motif: SNGGGCGGGAANN
0.0459969295744129	TF:M12152_1	TF	Factor: Sp1; motif: NWRGCCACGCCCMCN; match class: 1
0.0463198985445984	TF:M07084	TF	Factor: E2F-4; motif: NGGCGGGAARN
0.0481691537676148	TF:M00245	TF	Factor: Egr-3; motif: NTGCGTGGGCGK
0.0482994653690764	TF:M12345_1	TF	Factor: Zbtb37; motif: NYACCGCRNTCACCGCR; match class: 1
9.25668653886184e-07	WP:WP2059	WP	Alzheimer's disease and miRNA effects
0.000101467520187352	WP:WP2371	WP	Parkinson's disease pathway
